{
    "Model": "Linear Regression",
    "MAE": 134468.9584752195,
    "RMSE": 221188.01429326358,
    "R2": 0.6711433139319729
}